iteration,best,av_regret,it_bad
0,-80.6,31.160000000000004,0
1,-81.8,28.040000000000003,0
2,-96.0,48.39000000000001,0
3,-83.6,32.03000000000001,0
4,-88.6,29.870000000000005,0
5,-87.4,36.02,0
6,-93.4,34.18000000000001,0
7,-82.2,40.45000000000001,0
8,-83.8,34.13000000000001,0
9,-81.4,35.89000000000001,0
